ICAO,YEAR,PHASE,STND,RWY,SMPL,REF_MEAN,REF_P20,REF_P05,REF_P15,REF_PBWG
LIRF,2023,ARR,101,16L,103,9.87378640776699,6,5,6,5.5
LIRF,2023,ARR,101,16R,2,13.5,12.600000000000001,12.149999999999999,12.45,12.299999999999999
LIRF,2023,ARR,101,25,1,8,8,8,8,8
LIRF,2023,ARR,101,34R,21,8.666666666666666,8,4,7,5.5
LIRF,2023,ARR,102,16L,175,9.988571428571426,6.800000000000004,5.700000000000001,6,5.8500000000000005
LIRF,2023,ARR,102,16R,5,15.8,12.8,12.200000000000001,12.6,12.4
LIRF,2023,ARR,102,34L,1,9,9,9,9,9
LIRF,2023,ARR,102,34R,29,8.827586206896552,7,5.800000000000001,7,6.4
LIRF,2023,ARR,103,16L,22,9.227272727272727,6,5.05,6,5.525
LIRF,2023,ARR,103,34R,5,13.8,9.799999999999999,9.2,9.6,9.399999999999999
LIRF,2023,ARR,104,16L,3,7.333333333333333,5.8,5.200000000000001,5.6000000000000005,5.4
LIRF,2023,ARR,105,16L,406,9.362068965517242,6,5,6,5.5
LIRF,2023,ARR,105,16R,3,10.333333333333334,9.799999999999999,9.200000000000001,9.600000000000001,9.400000000000002
LIRF,2023,ARR,105,34L,1,16,16,16,16,16
LIRF,2023,ARR,105,34R,83,10.6144578313253,8,7,8,7.5
LIRF,2023,ARR,201,16L,118,8.677966101694917,6,5,6,5.5
LIRF,2023,ARR,201,16R,26,8.23076923076923,7,6,7,6.5
LIRF,2023,ARR,201,25,1,5,5,5,5,5
LIRF,2023,ARR,201,34L,5,7.4,6.800000000000001,6.2,6.6000000000000005,6.4
LIRF,2023,ARR,201,34R,28,13,8,7,7.05,7.025
LIRF,2023,ARR,202,16L,131,8.977099236641221,6,5,6,5.5
LIRF,2023,ARR,202,16R,34,10.058823529411764,7.6000000000000005,6,7,6.5
LIRF,2023,ARR,202,25,2,6,5.3999999999999995,5.1000000000000005,5.299999999999999,5.199999999999999
LIRF,2023,ARR,202,34L,8,7.25,6,5.35,6,5.675
LIRF,2023,ARR,202,34R,39,11.461538461538462,8,6,7,6.5
LIRF,2023,ARR,203,16L,94,8.840425531914892,6,6,6,6
LIRF,2023,ARR,203,16R,9,11.333333333333334,7.6,7,7.2,7.1
LIRF,2023,ARR,203,25,1,6,6,6,6,6
LIRF,2023,ARR,203,34L,5,7.8,6.800000000000001,6.2,6.6000000000000005,6.4
LIRF,2023,ARR,203,34R,25,10.4,8,7.2,8,7.6
LIRF,2023,ARR,204,16L,142,9.43661971830986,6,5,6,5.5
LIRF,2023,ARR,204,16R,18,9.777777777777779,7,5,6.1,5.55
LIRF,2023,ARR,204,25,1,7,7,7,7,7
LIRF,2023,ARR,204,34L,3,9.333333333333334,7.800000000000001,7.199999999999999,7.6,7.3999999999999995
LIRF,2023,ARR,204,34R,41,10,8,7,7,7
LIRF,2023,ARR,205,16L,140,9.442857142857141,7,6,6,6
LIRF,2023,ARR,205,16R,11,9.181818181818182,7,5.5,6.5,6
LIRF,2023,ARR,205,25,1,5,5,5,5,5
LIRF,2023,ARR,205,34L,2,8.5,7,6.25,6.75,6.5
LIRF,2023,ARR,205,34R,32,9.3125,8,6.55,8,7.275
LIRF,2023,ARR,206,16L,132,8.287878787878787,6,5,6,5.5
LIRF,2023,ARR,206,16R,13,8.923076923076923,8,7,7.8,7.4
LIRF,2023,ARR,206,25,1,4,4,4,4,4
LIRF,2023,ARR,206,34L,1,7,7,7,7,7
LIRF,2023,ARR,206,34R,33,8.909090909090908,7,6.6000000000000005,7,6.800000000000001
LIRF,2023,ARR,207,16L,174,8.511494252873565,6,5,6,5.5
LIRF,2023,ARR,207,16R,6,9.333333333333334,8,7.25,7.75,7.5
LIRF,2023,ARR,207,34L,2,8,7.4,7.1,7.300000000000001,7.2
LIRF,2023,ARR,207,34R,29,9.172413793103448,7.6000000000000005,7,7,7
LIRF,2023,ARR,208,16L,187,7.97860962566845,6,5,6,5.5
LIRF,2023,ARR,208,16R,15,9.266666666666667,7,6.7,7,6.85
LIRF,2023,ARR,208,34L,2,10,8.2,7.3,7.9,7.6
LIRF,2023,ARR,208,34R,32,9.0625,8,7,8,7.5
LIRF,2023,ARR,209,16L,192,7.71875,6,5,6,5.5
LIRF,2023,ARR,209,16R,10,9.2,8,6.9,8,7.45
LIRF,2023,ARR,209,34R,47,9.74468085106383,8,7,8,7.5
LIRF,2023,ARR,210,16L,207,7.8019323671497585,6,5,6,5.5
LIRF,2023,ARR,210,16R,9,8.555555555555555,8,6.199999999999999,8,7.1
LIRF,2023,ARR,210,25,1,10,10,10,10,10
LIRF,2023,ARR,210,34R,47,8.76595744680851,7.200000000000001,7,7,7
LIRF,2023,ARR,221,16L,360,8.433333333333334,7,6,6,6
LIRF,2023,ARR,221,16R,22,10.5,8.2,7.05,8,7.525
LIRF,2023,ARR,221,34L,3,8.666666666666666,7.6,6.4,7.199999999999999,6.8
LIRF,2023,ARR,221,34R,90,9.266666666666667,8,7,7.35,7.175
LIRF,2023,ARR,222,16L,383,8.407310704960835,6,6,6,6
LIRF,2023,ARR,222,16R,8,9.875,8.4,8,8.05,8.025
LIRF,2023,ARR,222,25,1,4,4,4,4,4
LIRF,2023,ARR,222,34L,2,8,7.4,7.1,7.300000000000001,7.2
LIRF,2023,ARR,222,34R,105,10.104761904761904,8,7,8,7.5
LIRF,2023,ARR,223,16L,495,8.789898989898992,7,6,7,6.5
LIRF,2023,ARR,223,16R,16,13.875,9,6.25,8.25,7.25
LIRF,2023,ARR,223,25,1,5,5,5,5,5
LIRF,2023,ARR,223,34L,8,11.75,10,8.7,10,9.35
LIRF,2023,ARR,223,34R,106,9.641509433962264,8,7.25,8,7.625
LIRF,2023,ARR,224,16L,507,8.52662721893491,7,6,6.8999999999999915,6.449999999999996
LIRF,2023,ARR,224,16R,7,10.428571428571429,9,8.3,8.9,8.600000000000001
LIRF,2023,ARR,224,25,1,5,5,5,5,5
LIRF,2023,ARR,224,34L,3,9,8.4,8.1,8.3,8.2
LIRF,2023,ARR,224,34R,116,9.405172413793103,8,7,8,7.5
LIRF,2023,ARR,225,16L,599,8.751252086811352,7,6,7,6.5
LIRF,2023,ARR,225,16R,11,10.545454545454545,9,9,9,9
LIRF,2023,ARR,225,34L,8,9.5,7.200000000000001,5.35,6.1499999999999995,5.75
LIRF,2023,ARR,225,34R,133,10.135338345864662,9,7,8,7.5
LIRF,2023,ARR,226,16L,672,8.950892857142856,7,6,7,6.5
LIRF,2023,ARR,226,16R,18,11.444444444444445,9.4,8.7,9,8.85
LIRF,2023,ARR,226,25,1,7,7,7,7,7
LIRF,2023,ARR,226,34L,4,9.5,8.8,7.45,8.350000000000001,7.9
LIRF,2023,ARR,226,34R,147,9.97278911564626,8,7,8,7.5
LIRF,2023,ARR,227,16L,631,9.009508716323296,7,6,7,6.5
LIRF,2023,ARR,227,16R,8,9.75,9,8.35,9,8.675
LIRF,2023,ARR,227,25,2,6.5,6.2,6.05,6.15,6.1
LIRF,2023,ARR,227,34L,3,10,7.800000000000001,7.199999999999999,7.6,7.3999999999999995
LIRF,2023,ARR,227,34R,147,9.97278911564626,9,8,9,8.5
LIRF,2023,ARR,228,16L,651,8.849462365591398,7,6,7,6.5
LIRF,2023,ARR,228,16R,18,11.055555555555555,9,9,9,9
LIRF,2023,ARR,228,25,1,6,6,6,6,6
LIRF,2023,ARR,228,34L,7,9.285714285714286,8,7.3,7.9,7.6
LIRF,2023,ARR,228,34R,136,10.051470588235293,9,8,8,8
LIRF,2023,ARR,229,16L,661,9.155824508320725,7,6,7,6.5
LIRF,2023,ARR,229,16R,13,12.153846153846153,9.8,8.6,9,8.8
LIRF,2023,ARR,229,25,2,7.5,6,5.25,5.749999999999999,5.5
LIRF,2023,ARR,229,34L,7,9.714285714285714,7,5.6000000000000005,6.799999999999999,6.199999999999999
LIRF,2023,ARR,229,34R,137,10.218978102189782,9,7,9,8
LIRF,2023,ARR,230,16L,544,8.494485294117649,7,6,7,6.5
LIRF,2023,ARR,230,16R,10,9.9,9,9,9,9
LIRF,2023,ARR,230,25,2,8.5,7.6,7.15,7.45,7.300000000000001
LIRF,2023,ARR,230,34L,4,10.5,8.8,7.45,8.350000000000001,7.9
LIRF,2023,ARR,230,34R,143,9.748251748251748,8,7,8,7.5
LIRF,2023,ARR,231,16L,589,8.979626485568762,7,6,7,6.5
LIRF,2023,ARR,231,16R,29,9.724137931034482,8,6.800000000000001,8,7.4
LIRF,2023,ARR,231,25,2,9.5,9.2,9.049999999999999,9.149999999999999,9.099999999999998
LIRF,2023,ARR,231,34L,5,9.8,8.8,8.2,8.6,8.399999999999999
LIRF,2023,ARR,231,34R,126,10.746031746031745,9,8,9,8.5
LIRF,2023,ARR,232,16L,666,8.686186186186188,7,6,7,6.5
LIRF,2023,ARR,232,16R,11,10.090909090909092,8,7.5,8,7.75
LIRF,2023,ARR,232,34L,3,10,10,10,10,10
LIRF,2023,ARR,232,34R,133,9.37593984962406,8,6.6000000000000005,7.800000000000001,7.200000000000001
LIRF,2023,ARR,233,16L,771,8.949416342412453,7,6,7,6.5
LIRF,2023,ARR,233,16R,13,12.76923076923077,11,11,11,11
LIRF,2023,ARR,233,25,1,5,5,5,5,5
LIRF,2023,ARR,233,34L,4,10.5,9.2,8.3,8.9,8.600000000000001
LIRF,2023,ARR,233,34R,171,9.87719298245614,8,7,8,7.5
LIRF,2023,ARR,234,16L,694,9.353025936599424,7,6,7,6.5
LIRF,2023,ARR,234,16R,10,13.3,9.6,7.45,8.7,8.075
LIRF,2023,ARR,234,25,1,8,8,8,8,8
LIRF,2023,ARR,234,34L,8,14.375,9.4,7.699999999999999,9.049999999999999,8.375
LIRF,2023,ARR,234,34R,164,10.536585365853657,9,8,8,8
LIRF,2023,ARR,235,16L,637,9.335949764521194,7,7,7,7
LIRF,2023,ARR,235,16R,14,10.642857142857142,8.6,6.6,8,7.3
LIRF,2023,ARR,235,25,2,7.5,7.2,7.05,7.15,7.1
LIRF,2023,ARR,235,34L,3,12,11.2,10.3,10.9,10.600000000000001
LIRF,2023,ARR,235,34R,139,10.388489208633095,9,7,8,7.5
LIRF,2023,ARR,236,16L,731,9.305061559507525,7,6,7,6.5
LIRF,2023,ARR,236,16R,17,10.764705882352942,10,7.4,8.8,8.100000000000001
LIRF,2023,ARR,236,25,2,7.5,7.2,7.05,7.15,7.1
LIRF,2023,ARR,236,34L,7,11.857142857142858,8.4,7.3,7.9,7.6
LIRF,2023,ARR,236,34R,186,10.209677419354838,9,7,8,7.5
LIRF,2023,ARR,237,16L,719,9.417246175243395,7,7,7,7
LIRF,2023,ARR,237,16R,11,13.272727272727273,10,8,9.5,8.75
LIRF,2023,ARR,237,25,1,7,7,7,7,7
LIRF,2023,ARR,237,34L,5,9.6,9,9,9,9
LIRF,2023,ARR,237,34R,177,10.587570621468927,9,7.800000000000001,9,8.4
LIRF,2023,ARR,238,16L,641,9.702028081123245,8,7,8,7.5
LIRF,2023,ARR,238,16R,10,13,9,9,9,9
LIRF,2023,ARR,238,25,1,6,6,6,6,6
LIRF,2023,ARR,238,34L,2,10.5,9.6,9.149999999999999,9.45,9.299999999999999
LIRF,2023,ARR,238,34R,147,10.142857142857142,9,8,8,8
LIRF,2023,ARR,301,16L,2147,10.507685142058692,8,7,8,7.5
LIRF,2023,ARR,301,16R,71,11.225352112676056,8,7,8,7.5
LIRF,2023,ARR,301,25,6,7,5,5,5,5
LIRF,2023,ARR,301,34L,21,9.523809523809524,7,7,7,7
LIRF,2023,ARR,301,34R,484,11.619834710743802,10,8,9,8.5
LIRF,2023,ARR,302,16L,2179,10.56172556218448,8,7,8,7.5
LIRF,2023,ARR,302,16R,73,11.04109589041096,8,7,8,7.5
LIRF,2023,ARR,302,25,7,7.285714285714286,5,4.3,4.9,4.6
LIRF,2023,ARR,302,34L,30,10.566666666666666,8,7,8,7.5
LIRF,2023,ARR,302,34R,524,11.519083969465647,10,8,9,8.5
LIRF,2023,ARR,303,16L,2254,10.47737355811889,8,7,8,7.5
LIRF,2023,ARR,303,16R,72,10.819444444444446,8,7,8,7.5
LIRF,2023,ARR,303,25,6,7.5,6,5.25,5.75,5.5
LIRF,2023,ARR,303,34L,23,10.217391304347826,7.4,6.1,7,6.55
LIRF,2023,ARR,303,34R,524,11.238549618320615,9,8,9,8.5
LIRF,2023,ARR,304,16L,2295,10.321132897603487,8,7,8,7.5
LIRF,2023,ARR,304,16R,70,10.8,9,7.45,8,7.725
LIRF,2023,ARR,304,25,7,9.428571428571429,5,5,5,5
LIRF,2023,ARR,304,34L,28,10.821428571428571,8,7,8,7.5
LIRF,2023,ARR,304,34R,531,11.316384180790964,9,8,9,8.5
LIRF,2023,ARR,305,16L,2308,10.273396880415957,8,7,7.050000000000011,7.025000000000006
LIRF,2023,ARR,305,16R,68,9.691176470588236,8,6.35,7,6.675
LIRF,2023,ARR,305,25,7,7.714285714285714,5,4.3,4.9,4.6
LIRF,2023,ARR,305,34L,30,10.233333333333333,7,6,7,6.5
LIRF,2023,ARR,305,34R,535,11.226168224299062,9,8,9,8.5
LIRF,2023,ARR,306,16L,2301,10.026075619295952,8,7,7,7
LIRF,2023,ARR,306,16R,74,9.35135135135135,7.600000000000001,6,7,6.5
LIRF,2023,ARR,306,25,6,5.666666666666667,4,4,4,4
LIRF,2023,ARR,306,34L,24,10.875,8,6.15,8,7.075
LIRF,2023,ARR,306,34R,542,10.988929889298893,9,8,9,8.5
LIRF,2023,ARR,307,16L,2237,9.582923558337047,8,7,7,7
LIRF,2023,ARR,307,16R,74,9.297297297297296,7.600000000000001,3,7,5
LIRF,2023,ARR,307,25,7,9,5.2,5,5,5
LIRF,2023,ARR,307,34L,25,8.88,6.800000000000001,5.2,6,5.6
LIRF,2023,ARR,307,34R,532,10.392857142857146,9,8,9,8.5
LIRF,2023,ARR,308,16L,2354,9.78632115548003,7,6,7,6.5
LIRF,2023,ARR,308,16R,79,10.468354430379748,9,7,8,7.5
LIRF,2023,ARR,308,25,7,8.428571428571429,7,7,7,7
LIRF,2023,ARR,308,34L,17,9.352941176470589,7.2,5.800000000000001,6.4,6.1000000000000005
LIRF,2023,ARR,308,34R,551,10.941923774954628,9,7.5,8,7.75
LIRF,2023,ARR,309,16L,2320,9.728448275862053,8,6,7,6.5
LIRF,2023,ARR,309,16R,74,12.14864864864865,9,8.65,9,8.825
LIRF,2023,ARR,309,25,7,7.714285714285714,5,4.3,4.9,4.6
LIRF,2023,ARR,309,34L,31,10.580645161290322,8,6,7,6.5
LIRF,2023,ARR,309,34R,525,10.912380952380953,9,8,9,8.5
LIRF,2023,ARR,310,16L,2323,10.066724063710735,8,7,7,7
LIRF,2023,ARR,310,16R,63,11.619047619047617,8,7,8,7.5
LIRF,2023,ARR,310,25,9,7.111111111111111,6,5.4,6,5.7
LIRF,2023,ARR,310,34L,21,9.571428571428571,8,7,7,7
LIRF,2023,ARR,310,34R,535,11.12523364485981,9,8,9,8.5
LIRF,2023,ARR,311,16L,2209,9.94386600271616,8,7,7,7
LIRF,2023,ARR,311,16R,74,11.162162162162161,8,7,8,7.5
LIRF,2023,ARR,311,25,8,8,5.800000000000001,4.35,5.1,4.725
LIRF,2023,ARR,311,34L,30,10.766666666666667,8,6.45,7.35,6.9
LIRF,2023,ARR,311,34R,518,11.125482625482626,9,8,9,8.5
LIRF,2023,ARR,312,16L,2205,10.17414965986395,8,7,8,7.5
LIRF,2023,ARR,312,16R,68,9.779411764705882,8,6.35,8,7.175
LIRF,2023,ARR,312,25,5,6.4,5.800000000000001,5.199999999999999,5.6,5.3999999999999995
LIRF,2023,ARR,312,34L,17,12.058823529411764,8.4,6.800000000000001,7.4,7.1000000000000005
LIRF,2023,ARR,312,34R,495,11.12121212121212,9,7,9,8
LIRF,2023,ARR,313,16L,2033,10.19232661091981,8,7,8,7.5
LIRF,2023,ARR,313,16R,60,11,8,7,8,7.5
LIRF,2023,ARR,313,25,5,7.2,5.6000000000000005,4.4,5.2,4.800000000000001
LIRF,2023,ARR,313,34L,26,10.807692307692308,9,7,8,7.5
LIRF,2023,ARR,313,34R,466,11.004291845493565,9,8,9,8.5
LIRF,2023,ARR,314,16L,669,10.878923766816143,8,7,8,7.5
LIRF,2023,ARR,314,16R,41,10.146341463414634,8,7,8,7.5
LIRF,2023,ARR,314,25,3,8.333333333333334,7,5.500000000000001,6.5,6
LIRF,2023,ARR,314,34L,14,10.714285714285714,8,7.3,8,7.65
LIRF,2023,ARR,314,34R,148,11.317567567567568,10,8,9,8.5
LIRF,2023,ARR,315,16L,693,11.144300144300143,8,7,8,7.5
LIRF,2023,ARR,315,16R,48,12.416666666666668,9,8,9,8.5
LIRF,2023,ARR,315,25,3,8,6.3999999999999995,4.6000000000000005,5.800000000000001,5.200000000000001
LIRF,2023,ARR,315,34L,15,12.4,9.600000000000001,7,8.2,7.6
LIRF,2023,ARR,315,34R,160,11.85625,9,8,9,8.5
LIRF,2023,ARR,316,16L,630,10.987301587301587,8,6,8,7
LIRF,2023,ARR,316,16R,32,11,9.2,4.749999999999999,7.6499999999999995,6.199999999999999
LIRF,2023,ARR,316,25,3,8.666666666666666,7.6,6.4,7.199999999999999,6.8
LIRF,2023,ARR,316,34L,13,9.23076923076923,7.4,4.600000000000001,7,5.800000000000001
LIRF,2023,ARR,316,34R,148,11.304054054054054,9,8,9,8.5
LIRF,2023,ARR,317,16L,500,11.459999999999999,8,7,8,7.5
LIRF,2023,ARR,317,16R,25,11.879999999999999,9,8,8.6,8.3
LIRF,2023,ARR,317,25,2,6.5,5.6,5.15,5.449999999999999,5.3
LIRF,2023,ARR,317,34L,8,10.625,10,10,10,10
LIRF,2023,ARR,317,34R,126,11.396825396825397,10,7.25,9,8.125
LIRF,2023,ARR,318,16L,384,11.075520833333332,8,7,8,7.5
LIRF,2023,ARR,318,16R,25,10.4,8,5.2,7.6,6.4
LIRF,2023,ARR,318,25,2,5.5,5.199999999999999,5.050000000000001,5.1499999999999995,5.1
LIRF,2023,ARR,318,34L,12,11.416666666666666,10,4.300000000000001,8.95,6.625
LIRF,2023,ARR,318,34R,81,12.530864197530864,10,8,10,9
LIRF,2023,ARR,321,16L,407,10.27027027027027,8,6,7,6.5
LIRF,2023,ARR,321,16R,35,11.428571428571429,9,7,9,8
LIRF,2023,ARR,321,25,2,10,10,10,10,10
LIRF,2023,ARR,321,34L,3,10,10,10,10,10
LIRF,2023,ARR,321,34R,88,11.704545454545455,10,9,10,9.5
LIRF,2023,ARR,322,16L,372,10.40322580645161,8,6,8,7
LIRF,2023,ARR,322,16R,23,9.391304347826088,9,8.1,9,8.55
LIRF,2023,ARR,322,25,2,4,4,4,4,4
LIRF,2023,ARR,322,34L,7,10,6.2,6,6,6
LIRF,2023,ARR,322,34R,77,11.051948051948052,9,8.8,9,8.9
LIRF,2023,ARR,323,16L,313,10.773162939297125,8,7,8,7.5
LIRF,2023,ARR,323,16R,22,10.409090909090908,9,8,9,8.5
LIRF,2023,ARR,323,25,2,13,7.599999999999999,4.9,6.699999999999998,5.799999999999999
LIRF,2023,ARR,323,34L,3,7.333333333333333,5.199999999999999,2.8000000000000007,4.4,3.6000000000000005
LIRF,2023,ARR,323,34R,71,11.352112676056338,9,8,9,8.5
LIRF,2023,ARR,401,16L,970,10.361855670103091,9,8,8,8
LIRF,2023,ARR,401,16R,23,10.043478260869565,8,6.1,8,7.05
LIRF,2023,ARR,401,25,1,8,8,8,8,8
LIRF,2023,ARR,401,34L,3,7.666666666666667,7,7,7,7
LIRF,2023,ARR,401,34R,149,11.61744966442953,10,9,10,9.5
LIRF,2023,ARR,402,16L,953,10.36411332633788,9,8,8,8
LIRF,2023,ARR,402,16R,35,9.17142857142857,8,7,8,7.5
LIRF,2023,ARR,402,34L,10,9.5,6.8,5.449999999999999,6.35,5.8999999999999995
LIRF,2023,ARR,402,34R,159,11.842767295597485,10,9,10,9.5
LIRF,2023,ARR,403,16L,1168,10.535958904109592,8,7,8,7.5
LIRF,2023,ARR,403,16R,46,9.956521739130435,7,6,7,6.5
LIRF,2023,ARR,403,25,5,5,3.8,3.2,3.6,3.4000000000000004
LIRF,2023,ARR,403,34L,9,8.555555555555555,7,5.8,7,6.4
LIRF,2023,ARR,403,34R,213,11.408450704225352,10,9,9,9
LIRF,2023,ARR,404,16L,1155,10.132467532467535,8,7,8,7.5
LIRF,2023,ARR,404,16R,43,9.325581395348838,8,6,8,7
LIRF,2023,ARR,404,25,4,4.5,3.6,3.15,3.45,3.3
LIRF,2023,ARR,404,34L,9,8.88888888888889,7.8,5.4,6.6000000000000005,6
LIRF,2023,ARR,404,34R,223,11.161434977578477,9,8,9,8.5
LIRF,2023,ARR,405,16L,1183,10.158072696534235,8,7,8,7.5
LIRF,2023,ARR,405,16R,41,9.195121951219512,7,6,7,6.5
LIRF,2023,ARR,405,25,5,4.4,3.8,3.2,3.6,3.4000000000000004
LIRF,2023,ARR,405,34L,12,8.5,6.2,5.550000000000001,6,5.775
LIRF,2023,ARR,405,34R,225,11.235555555555555,9,8,9,8.5
LIRF,2023,ARR,406,16L,1198,9.096828046744573,8,7,7,7
LIRF,2023,ARR,406,16R,42,8.238095238095237,7,6,6.1499999999999995,6.074999999999999
LIRF,2023,ARR,406,25,5,4,3,3,3,3
LIRF,2023,ARR,406,34L,6,8.833333333333334,5,3.5,4.5,4
LIRF,2023,ARR,406,34R,245,10.812244897959184,9,8,9,8.5
LIRF,2023,ARR,407,16L,1307,9.35654169854629,7,6,7,6.5
LIRF,2023,ARR,407,16R,43,9.30232558139535,7.4,7,7,7
LIRF,2023,ARR,407,25,8,6.125,4.4,4,4.05,4.025
LIRF,2023,ARR,407,34L,12,7.083333333333333,6,5,5.65,5.325
LIRF,2023,ARR,407,34R,242,10.413223140495868,9,8,9,8.5
LIRF,2023,ARR,408,16L,1207,9.313173156586577,8,6,7,6.5
LIRF,2023,ARR,408,16R,47,9.340425531914894,8,7,7,7
LIRF,2023,ARR,408,25,4,4.75,4.2,3.3,3.9000000000000004,3.6
LIRF,2023,ARR,408,34L,12,7.916666666666667,7,5.550000000000001,6.6499999999999995,6.1
LIRF,2023,ARR,408,34R,224,10.330357142857142,9,8,9,8.5
LIRF,2023,ARR,409,16L,858,9.560606060606059,8,6,7,6.5
LIRF,2023,ARR,409,16R,30,8.9,7.800000000000001,7,7,7
LIRF,2023,ARR,409,25,5,6.4,4.8,4.2,4.6,4.4
LIRF,2023,ARR,409,34L,7,9.142857142857142,7,7,7,7
LIRF,2023,ARR,409,34R,144,10.520833333333334,9,8,9,8.5
LIRF,2023,ARR,410,16L,911,9.799121844127333,8,7,8,7.5
LIRF,2023,ARR,410,16R,37,9.405405405405405,8,7,8,7.5
LIRF,2023,ARR,410,25,5,7.4,5,5,5,5
LIRF,2023,ARR,410,34L,7,8.428571428571429,6.4,6,6,6
LIRF,2023,ARR,410,34R,152,11.157894736842106,9,8,9,8.5
LIRF,2023,ARR,411,16L,780,10.158974358974358,8,7,8,7.5
LIRF,2023,ARR,411,16R,32,9.8125,8,7,7,7
LIRF,2023,ARR,411,25,5,6,3.8,3.2,3.6,3.4000000000000004
LIRF,2023,ARR,411,34L,10,7.6,6.8,5.449999999999999,6.35,5.8999999999999995
LIRF,2023,ARR,411,34R,161,11.322981366459626,9,8,9,8.5
LIRF,2023,ARR,412,16L,770,10.207792207792208,8,7,8,7.5
LIRF,2023,ARR,412,16R,33,9.93939393939394,7.4,6.6000000000000005,7,6.800000000000001
LIRF,2023,ARR,412,25,4,6,5,5,5,5
LIRF,2023,ARR,412,34L,6,8.833333333333334,7,7,7,7
LIRF,2023,ARR,412,34R,137,11.138686131386862,10,8,9,8.5
LIRF,2023,ARR,501,16L,2017,10.792761527020327,8,7,8,7.5
LIRF,2023,ARR,501,16R,151,8.880794701986755,6,5,6,5.5
LIRF,2023,ARR,501,25,6,5.5,3,2.25,2.75,2.5
LIRF,2023,ARR,501,34L,51,8.372549019607844,6,5,6,5.5
LIRF,2023,ARR,501,34R,503,11.831013916500995,10,9,10,9.5
LIRF,2023,ARR,502,16L,58,10.741379310344827,9,8,8.549999999999999,8.274999999999999
LIRF,2023,ARR,502,16R,7,9.285714285714286,7.4,7,7,7
LIRF,2023,ARR,502,34L,3,11.666666666666666,9.6,8.4,9.2,8.8
LIRF,2023,ARR,502,34R,10,12.7,11,10.45,11,10.725
LIRF,2023,ARR,503,16L,1832,10.794759825327514,8,7,8,7.5
LIRF,2023,ARR,503,16R,142,9.274647887323944,7,4,7,5.5
LIRF,2023,ARR,503,25,3,7,5.4,5.1000000000000005,5.300000000000001,5.200000000000001
LIRF,2023,ARR,503,34L,38,8.657894736842106,6,5,5,5
LIRF,2023,ARR,503,34R,405,11.760493827160492,10,8,9,8.5
LIRF,2023,ARR,504,16L,1654,11.024788391777506,9,7,9,8
LIRF,2023,ARR,504,16R,111,9.864864864864865,8,6.5,7,6.75
LIRF,2023,ARR,504,25,2,7.5,6,5.25,5.749999999999999,5.5
LIRF,2023,ARR,504,34L,27,9.962962962962964,7,6,7,6.5
LIRF,2023,ARR,504,34R,441,12.022675736961451,10,9,10,9.5
LIRF,2023,ARR,505,16L,1920,10.896354166666665,8,7,8,7.5
LIRF,2023,ARR,505,16R,144,9.54861111111111,7,6,7,6.5
LIRF,2023,ARR,505,25,2,8,6.800000000000001,6.199999999999999,6.6,6.3999999999999995
LIRF,2023,ARR,505,34L,50,9.1,7,5,7,6
LIRF,2023,ARR,505,34R,478,11.728033472803347,10,8,9,8.5
LIRF,2023,ARR,506,16L,1627,10.986478180700677,9,7,8,7.5
LIRF,2023,ARR,506,16R,109,10.036697247706423,8,6,7,6.5
LIRF,2023,ARR,506,25,5,7.6,5.800000000000001,5.199999999999999,5.6,5.3999999999999995
LIRF,2023,ARR,506,34L,35,9.457142857142857,6,5,6,5.5
LIRF,2023,ARR,506,34R,408,12.644607843137257,10,9,10,9.5
LIRF,2023,ARR,507,16L,1778,10.837457817772778,8,7,8,7.5
LIRF,2023,ARR,507,16R,159,9.534591194968552,7,6,6.699999999999999,6.35
LIRF,2023,ARR,507,25,3,16,10,10,10,10
LIRF,2023,ARR,507,34L,49,9.673469387755102,6,5,6,5.5
LIRF,2023,ARR,507,34R,471,11.75371549893843,10,8,9,8.5
LIRF,2023,ARR,508,16L,1558,10.677792041078305,8,7,8,7.5
LIRF,2023,ARR,508,16R,99,9.404040404040405,7,6,7,6.5
LIRF,2023,ARR,508,25,2,9.5,5,2.750000000000001,4.249999999999998,3.4999999999999996
LIRF,2023,ARR,508,34L,33,9.666666666666666,7,5,6,5.5
LIRF,2023,ARR,508,34R,403,11.05210918114144,9,8,9,8.5
LIRF,2023,ARR,509,16L,1469,10.44588155207624,8,7,7,7
LIRF,2023,ARR,509,16R,163,9.570552147239265,6,5,6,5.5
LIRF,2023,ARR,509,25,2,7.5,6,5.25,5.749999999999999,5.5
LIRF,2023,ARR,509,34L,50,9.54,5,4,5,4.5
LIRF,2023,ARR,509,34R,376,11.40691489361702,9,8,9,8.5
LIRF,2023,ARR,510,16L,1348,10.095697329376852,8,7,8,7.5
LIRF,2023,ARR,510,16R,87,9.735632183908047,7,6,7,6.5
LIRF,2023,ARR,510,25,1,10,10,10,10,10
LIRF,2023,ARR,510,34L,38,8.342105263157896,6,5,5.55,5.275
LIRF,2023,ARR,510,34R,374,10.877005347593585,9,8,9,8.5
LIRF,2023,ARR,601,16L,393,13.465648854961831,10,9,10,9.5
LIRF,2023,ARR,601,16R,757,9.002642007926022,6,5,6,5.5
LIRF,2023,ARR,601,25,3,8.333333333333334,5.8,5.200000000000001,5.6000000000000005,5.4
LIRF,2023,ARR,601,34L,164,9.115853658536585,6,5,6,5.5
LIRF,2023,ARR,601,34R,82,15.475609756097562,12,10,11,10.5
LIRF,2023,ARR,603,16L,328,13.15548780487805,10,9,10,9.5
LIRF,2023,ARR,603,16R,709,8.48095909732017,6,5,6,5.5
LIRF,2023,ARR,603,25,4,7.5,5.6,5.1499999999999995,5.449999999999999,5.299999999999999
LIRF,2023,ARR,603,34L,156,9.698717948717945,6,5,6,5.5
LIRF,2023,ARR,603,34R,78,14.692307692307692,12,10,11,10.5
LIRF,2023,ARR,605,16L,340,12.426470588235295,10,8,10,9
LIRF,2023,ARR,605,16R,687,7.922852983988357,6,5,6,5.5
LIRF,2023,ARR,605,25,3,6,5.4,5.1000000000000005,5.300000000000001,5.200000000000001
LIRF,2023,ARR,605,34L,149,8.966442953020135,6,5,6,5.5
LIRF,2023,ARR,605,34R,83,13.674698795180722,11,10,11,10.5
LIRF,2023,ARR,606,16L,374,12.772727272727272,10,9,10,9.5
LIRF,2023,ARR,606,16R,764,8.506544502617801,6,5,6,5.5
LIRF,2023,ARR,606,25,4,5,4.6,4.15,4.45,4.300000000000001
LIRF,2023,ARR,606,34L,161,9.658385093167702,6,5,6,5.5
LIRF,2023,ARR,606,34R,110,15.2,12,9.45,11,10.225
LIRF,2023,ARR,607,16L,206,12.912621359223301,10,9,10,9.5
LIRF,2023,ARR,607,16R,874,8.170480549199084,6,5,6,5.5
LIRF,2023,ARR,607,25,4,4.5,3.6,3.15,3.45,3.3
LIRF,2023,ARR,607,34L,191,9.026178010471204,7,5,7,6
LIRF,2023,ARR,607,34R,65,14.184615384615384,11.8,10,10.6,10.3
LIRF,2023,ARR,608,16L,476,12.842436974789916,10,8,9,8.5
LIRF,2023,ARR,608,16R,772,8.642487046632123,6,5,6,5.5
LIRF,2023,ARR,608,25,7,6.142857142857143,4.2,3.3,3.9,3.5999999999999996
LIRF,2023,ARR,608,34L,170,9.935294117647059,7,5,6,5.5
LIRF,2023,ARR,608,34R,125,14.408,11.8,10,11,10.5
LIRF,2023,ARR,609,16L,499,12.054108216432866,9,8,9,8.5
LIRF,2023,ARR,609,16R,708,9.114406779661019,7,6,7,6.5
LIRF,2023,ARR,609,25,4,4.5,3.6,3.15,3.45,3.3
LIRF,2023,ARR,609,34L,172,9.505813953488373,7,5,6,5.5
LIRF,2023,ARR,609,34R,117,13.794871794871796,11,9.8,10.399999999999999,10.1
LIRF,2023,ARR,610,16L,1462,11.741450068399452,9,8,9,8.5
LIRF,2023,ARR,610,16R,379,8.49604221635884,6,5.900000000000002,6,5.950000000000001
LIRF,2023,ARR,610,25,6,5.666666666666667,4,3.25,3.75,3.5
LIRF,2023,ARR,610,34L,85,9.435294117647059,6,5,6,5.5
LIRF,2023,ARR,610,34R,362,13.041436464088399,10,9,10,9.5
LIRF,2023,ARR,611,16L,1478,11.655615696887686,9,8,9,8.5
LIRF,2023,ARR,611,16R,382,8.594240837696336,6,6,6,6
LIRF,2023,ARR,611,25,5,6.4,5.6000000000000005,4.4,5.2,4.800000000000001
LIRF,2023,ARR,611,34L,99,9.13131313131313,6,5,6,5.5
LIRF,2023,ARR,611,34R,332,12.596385542168674,10,9,10,9.5
LIRF,2023,ARR,612,16L,804,10.94402985074627,9,7,8,7.5
LIRF,2023,ARR,612,16R,218,9.417431192660551,7,6,7,6.5
LIRF,2023,ARR,612,25,6,8,5,5,5,5
LIRF,2023,ARR,612,34L,64,7.078125,5,4.15,5,4.575
LIRF,2023,ARR,612,34R,170,12.035294117647059,9,9,9,9
LIRF,2023,ARR,613,16L,917,10.428571428571427,8,7,8,7.5
LIRF,2023,ARR,613,16R,358,9.416201117318435,7,6,6,6
LIRF,2023,ARR,613,25,5,4.6,3.8,3.2,3.6,3.4000000000000004
LIRF,2023,ARR,613,34L,97,9.061855670103093,6,5,5,5
LIRF,2023,ARR,613,34R,204,11.676470588235293,10,8,9,8.5
LIRF,2023,ARR,614,16L,753,10.876494023904383,9,7,8,7.5
LIRF,2023,ARR,614,16R,206,8.131067961165048,6,6,6,6
LIRF,2023,ARR,614,25,4,9.75,8.4,6.6,7.800000000000001,7.2
LIRF,2023,ARR,614,34L,64,7.703125,6,4.15,5,4.575
LIRF,2023,ARR,614,34R,172,12.116279069767442,10,9,10,9.5
LIRF,2023,ARR,701,16L,156,15.89102564102564,12,10,11,10.5
LIRF,2023,ARR,701,16R,546,7.320512820512821,4,4,4,4
LIRF,2023,ARR,701,25,1,5,5,5,5,5
LIRF,2023,ARR,701,34L,108,9.583333333333334,5,4,5,4.5
LIRF,2023,ARR,701,34R,35,19.114285714285714,14,10,13.1,11.55
LIRF,2023,ARR,702,16L,117,15.4017094017094,12,9.8,11,10.4
LIRF,2023,ARR,702,16R,594,7.643097643097646,4,4,4,4
LIRF,2023,ARR,702,25,2,9.5,9.2,9.049999999999999,9.149999999999999,9.099999999999998
LIRF,2023,ARR,702,34L,102,10.088235294117649,6,5,6,5.5
LIRF,2023,ARR,702,34R,29,17.96551724137931,14.6,10.8,14,12.4
LIRF,2023,ARR,703,16L,75,15.053333333333333,10.8,5.7,10,7.85
LIRF,2023,ARR,703,16R,439,6.870159453302962,4,3,4,3.5
LIRF,2023,ARR,703,25,2,8,8,8,8,8
LIRF,2023,ARR,703,34L,75,9.266666666666667,6,5,6,5.5
LIRF,2023,ARR,703,34R,22,14.272727272727273,10.2,6.199999999999999,10,8.1
LIRF,2023,ARR,704,16L,130,14.63076923076923,11,9.45,10,9.725
LIRF,2023,ARR,704,16R,642,7.40186915887851,4,4,4,4
LIRF,2023,ARR,704,25,2,5,4.4,4.1,4.3,4.199999999999999
LIRF,2023,ARR,704,34L,124,8.612903225806452,5,4,5,4.5
LIRF,2023,ARR,704,34R,31,15.870967741935484,13,10,11,10.5
LIRF,2023,ARR,705,16L,113,14.761061946902654,10.400000000000002,9,10,9.5
LIRF,2023,ARR,705,16R,575,7.511304347826085,4,3,4,3.5
LIRF,2023,ARR,705,25,3,10,6.199999999999999,5.300000000000001,5.9,5.6000000000000005
LIRF,2023,ARR,705,34L,102,8.950980392156861,6,4.050000000000001,5,4.525
LIRF,2023,ARR,705,34R,31,15.483870967741936,13,10,12.5,11.25
LIRF,2023,ARR,706,16L,123,15.471544715447155,10.400000000000002,6.400000000000002,10,8.200000000000001
LIRF,2023,ARR,706,16R,572,7.7727272727272805,5,4,5,4.5
LIRF,2023,ARR,706,25,2,8.5,7.6,7.15,7.45,7.300000000000001
LIRF,2023,ARR,706,34L,108,8.787037037037036,5.400000000000002,4,5,4.5
LIRF,2023,ARR,706,34R,32,14.1875,11.2,10,10.649999999999999,10.325
LIRF,2023,ARR,707,16L,136,13.198529411764705,10,8.75,10,9.375
LIRF,2023,ARR,707,16R,614,7.879478827361562,5,4,5,4.5
LIRF,2023,ARR,707,25,2,4.5,3.6,3.15,3.4499999999999997,3.3
LIRF,2023,ARR,707,34L,114,7.412280701754386,5,4,5,4.5
LIRF,2023,ARR,707,34R,33,14.151515151515152,10.4,10,10,10
LIRF,2023,ARR,708,16L,137,13.423357664233576,10,7,10,8.5
LIRF,2023,ARR,708,16R,572,7.7272727272727275,5,4,5,4.5
LIRF,2023,ARR,708,25,2,5.5,5.199999999999999,5.050000000000001,5.1499999999999995,5.1
LIRF,2023,ARR,708,34L,123,7.869918699186991,5,4,5,4.5
LIRF,2023,ARR,708,34R,32,13.1875,10.2,9.55,10,9.775
LIRF,2023,ARR,709,16L,125,13.384,10,9,10,9.5
LIRF,2023,ARR,709,16R,501,8.538922155688622,6,5,5,5
LIRF,2023,ARR,709,25,2,5.5,4.6,4.15,4.449999999999999,4.3
LIRF,2023,ARR,709,34L,77,8.688311688311689,6,5,5,5
LIRF,2023,ARR,709,34R,20,15.25,11,10.950000000000001,11,10.975000000000001
LIRF,2023,ARR,710,16L,156,14.333333333333334,10,8,9,8.5
LIRF,2023,ARR,710,16R,512,9.0078125,6,5,6,5.5
LIRF,2023,ARR,710,25,3,6.666666666666667,4.8,4.2,4.6,4.4
LIRF,2023,ARR,710,34L,93,8.548387096774194,6,4.6000000000000005,5.799999999999999,5.199999999999999
LIRF,2023,ARR,710,34R,36,13.277777777777779,12,10,10.25,10.125
LIRF,2023,ARR,711,16L,326,13.932515337423315,10,9,10,9.5
LIRF,2023,ARR,711,16R,565,7.674336283185842,6,5,5,5
LIRF,2023,ARR,711,25,3,7.666666666666667,6,4.5,5.5,5
LIRF,2023,ARR,711,34L,89,9.292134831460675,6,5,5.199999999999999,5.1
LIRF,2023,ARR,711,34R,74,15.108108108108107,11,10,10.95,10.475
LIRF,2023,ARR,802,16L,4,24,12.400000000000002,10.599999999999998,11.799999999999999,11.2
LIRF,2023,ARR,802,16R,9,10.444444444444445,9.6,7.199999999999999,9.2,8.2
LIRF,2023,ARR,803,16R,1,4,4,4,4,4
LIRF,2023,ARR,804,16L,89,14.561797752808989,10,10,10,10
LIRF,2023,ARR,804,16R,169,8.816568047337277,5,4,5,4.5
LIRF,2023,ARR,804,25,1,16,16,16,16,16
LIRF,2023,ARR,804,34L,34,8.411764705882353,5.6000000000000005,5,5,5
LIRF,2023,ARR,804,34R,14,13.642857142857142,10,8.65,9.95,9.3
LIRF,2023,ARR,805,16L,138,14.782608695652176,10,9.55,10,9.775
LIRF,2023,ARR,805,16R,248,8.22177419354839,5,4,5,4.5
LIRF,2023,ARR,805,25,2,12.5,11,10.25,10.749999999999998,10.5
LIRF,2023,ARR,805,34L,52,9.038461538461537,6,4,5,4.5
LIRF,2023,ARR,805,34R,24,17.625,11.200000000000001,10,10,10
LIRF,2023,ARR,806,16L,382,14.138743455497385,10,9,10,9.5
LIRF,2023,ARR,806,16R,1016,7.859251968503934,5,4,5,4.5
LIRF,2023,ARR,806,25,1,10,10,10,10,10
LIRF,2023,ARR,806,34L,251,9.617529880478088,6,5,6,5.5
LIRF,2023,ARR,806,34R,95,14.989473684210527,10,10,10,10
LIRF,2023,ARR,807,16L,380,14.52368421052632,10,9,10,9.5
LIRF,2023,ARR,807,16R,1096,7.857664233576637,5,4,5,4.5
LIRF,2023,ARR,807,25,1,10,10,10,10,10
LIRF,2023,ARR,807,34L,259,9.332046332046332,6,5,6,5.5
LIRF,2023,ARR,807,34R,92,14.836956521739129,10,9.55,10,9.775
LIRF,2023,ARR,809,16L,2,13.5,11.399999999999999,10.350000000000001,11.049999999999999,10.7
LIRF,2023,ARR,809,16R,3,22.666666666666668,16.2,12.3,14.9,13.600000000000001
LIRF,2023,ARR,809,34L,1,14,14,14,14,14
LIRF,2023,ARR,810,16L,1,16,16,16,16,16
LIRF,2023,ARR,810,16R,3,10.333333333333334,4.4,4.1,4.3,4.199999999999999
LIRF,2023,ARR,810,34L,1,7,7,7,7,7
LIRF,2023,ARR,811,16L,2,16.5,12.599999999999998,10.65,11.949999999999998,11.299999999999999
LIRF,2023,ARR,811,16R,12,14.5,10.2,5.550000000000001,8.6,7.075
LIRF,2023,ARR,811,34L,4,10.75,6,6,6,6
LIRF,2023,ARR,812,16L,3,16.666666666666668,12.399999999999999,9.100000000000001,11.3,10.200000000000001
LIRF,2023,ARR,813,16R,6,17.833333333333332,13,10.75,12.25,11.5
LIRF,2023,ARR,813,34L,1,42,42,42,42,42
LIRF,2023,ARR,814,16L,2,20.5,19,18.25,18.75,18.5
LIRF,2023,ARR,814,16R,6,13,10,6.25,8.75,7.5
LIRF,2023,ARR,815,16L,44,14.795454545454545,10,10,10,10
LIRF,2023,ARR,815,16R,117,9.376068376068378,5,4,5,4.5
LIRF,2023,ARR,815,34L,19,10.526315789473685,7.6,6.8999999999999995,7,6.949999999999999
LIRF,2023,ARR,815,34R,13,18,14,7.6000000000000005,13.2,10.4
LIRF,2023,ARR,820,16L,20,14.75,11.8,10.750000000000002,11,10.875
LIRF,2023,ARR,820,16R,193,7.730569948186529,4,4,4,4
LIRF,2023,ARR,820,25,1,6,6,6,6,6
LIRF,2023,ARR,820,34L,36,9.194444444444445,6,3.75,6,4.875
LIRF,2023,ARR,820,34R,5,15.4,13.8,13.2,13.600000000000001,13.4
LIRF,2023,ARR,821,16L,23,15.434782608695652,14,10.200000000000001,13.299999999999999,11.75
LIRF,2023,ARR,821,16R,218,7.688073394495412,4,4,4,4
LIRF,2023,ARR,821,25,1,7,7,7,7,7
LIRF,2023,ARR,821,34L,31,10.35483870967742,7,5.5,7,6.25
LIRF,2023,ARR,821,34R,5,17.2,16.6,15.399999999999999,16.2,15.799999999999999
LIRF,2023,ARR,822,16L,20,13.85,10,7.9,10,8.95
LIRF,2023,ARR,822,16R,181,8.618784530386742,4,4,4,4
LIRF,2023,ARR,822,34L,32,10.125,7.2,5.55,6.6499999999999995,6.1
LIRF,2023,ARR,822,34R,6,21.666666666666668,17,13.25,15.75,14.5
LIRF,2023,ARR,823,16L,22,14.454545454545455,12,10,11.15,10.575
LIRF,2023,ARR,823,16R,156,7.891025641025641,5,4,5,4.5
LIRF,2023,ARR,823,25,1,11,11,11,11,11
LIRF,2023,ARR,823,34L,20,10,6,4.9,6,5.45
LIRF,2023,ARR,823,34R,10,14.5,12.4,10,11.049999999999999,10.524999999999999
LIRF,2023,ARR,824,16L,49,14.959183673469386,10,10,10,10
LIRF,2023,ARR,824,16R,90,8.177777777777777,4.800000000000001,3.45,4,3.725
LIRF,2023,ARR,824,34L,19,10.31578947368421,6,5,5.699999999999999,5.35
LIRF,2023,ARR,824,34R,18,12.666666666666666,10,9.1,10,9.55
LIRF,2023,ARR,825,16L,145,14.448275862068964,10,8,10,9
LIRF,2023,ARR,825,16R,260,8.688461538461539,4,4,4,4
LIRF,2023,ARR,825,25,1,1,1,1,1,1
LIRF,2023,ARR,825,34L,58,8.46551724137931,6,4,5,4.5
LIRF,2023,ARR,825,34R,29,13.655172413793103,10,4.4,10,7.2
LIRF,2023,ARR,826,16L,154,14.376623376623376,10,9,10,9.5
LIRF,2023,ARR,826,16R,311,9.697749196141483,5,4,4,4
LIRF,2023,ARR,826,25,1,4,4,4,4,4
LIRF,2023,ARR,826,34L,67,9.134328358208956,5,5,5,5
LIRF,2023,ARR,826,34R,31,16.258064516129032,13,10,12,11
LIRF,2023,ARR,827,16L,138,14.89855072463768,10,10,10,10
LIRF,2023,ARR,827,16R,267,8.310861423220976,5,4,5,4.5
LIRF,2023,ARR,827,25,1,5,5,5,5,5
LIRF,2023,ARR,827,34L,54,9.962962962962964,6,5,6,5.5
LIRF,2023,ARR,827,34R,33,14.333333333333334,10,6.200000000000001,10,8.100000000000001
LIRF,2023,ARR,828,16L,124,16.217741935483872,12,10,10,10
LIRF,2023,ARR,828,16R,281,8.302491103202847,5,4,5,4.5
LIRF,2023,ARR,828,25,3,10,7.800000000000001,7.199999999999999,7.6,7.3999999999999995
LIRF,2023,ARR,828,34L,60,9.233333333333333,6,4.95,5,4.975
LIRF,2023,ARR,828,34R,30,16.2,10,9,10,9.5
LIRF,2023,ARR,829,16L,115,17.08695652173913,10,10,10,10
LIRF,2023,ARR,829,16R,261,8.42528735632184,5,4,5,4.5
LIRF,2023,ARR,829,25,1,10,10,10,10,10
LIRF,2023,ARR,829,34L,54,10.555555555555554,5.600000000000001,4.300000000000001,5,4.65
LIRF,2023,ARR,829,34R,14,16.285714285714285,12.6,10,11.9,10.95
LIRF,2023,ARR,831,16L,15,14.8,13.6,11.4,12.2,11.8
LIRF,2023,ARR,831,16R,47,7.042553191489362,5,4,4,4
LIRF,2023,ARR,831,25,1,14,14,14,14,14
LIRF,2023,ARR,831,34L,10,12.3,8.6,6.449999999999999,7.699999999999999,7.074999999999999
LIRF,2023,ARR,831,34R,3,14,12.399999999999999,10.600000000000001,11.8,11.200000000000001
LIRF,2023,ARR,833,16L,13,19.692307692307693,16,13.200000000000001,15.6,14.4
LIRF,2023,ARR,833,16R,43,7.186046511627907,4,4,4,4
LIRF,2023,ARR,833,34L,5,8.6,7,7,7,7
LIRF,2023,ARR,833,34R,3,18.666666666666668,17.6,16.4,17.2,16.799999999999997
LIRF,2023,ARR,835,16L,12,13.916666666666666,10.2,7.2,9.65,8.425
LIRF,2023,ARR,835,16R,31,8.03225806451613,5,4,5,4.5
LIRF,2023,ARR,835,34L,6,10.666666666666666,7,7,7,7
LIRF,2023,ARR,835,34R,2,22,22,22,22,22
LIRF,2023,ARR,901,16L,42,14.880952380952381,10.400000000000002,9.05,10,9.525
LIRF,2023,ARR,901,16R,108,9.185185185185183,5,5,5,5
LIRF,2023,ARR,901,25,3,9.333333333333334,7.4,7.1,7.3,7.199999999999999
LIRF,2023,ARR,901,34L,17,15,8,6.6000000000000005,8,7.300000000000001
LIRF,2023,ARR,901,34R,9,17.555555555555557,16.2,8.999999999999998,15.399999999999999,12.2
LIRF,2023,ARR,902,16L,22,19.363636363636363,14,10.149999999999999,13.15,11.649999999999999
LIRF,2023,ARR,902,16R,121,9.867768595041321,6,5,5,5
LIRF,2023,ARR,902,25,2,8,7.4,7.1,7.300000000000001,7.2
LIRF,2023,ARR,902,34L,12,14.166666666666666,9,8.55,9,8.775
LIRF,2023,ARR,902,34R,6,15.5,10,6.25,8.75,7.5
LIRF,2023,ARR,903,16L,41,15.097560975609756,13,10,10,10
LIRF,2023,ARR,903,16R,109,9.440366972477063,6,5,6,5.5
LIRF,2023,ARR,903,25,1,8,8,8,8,8
LIRF,2023,ARR,903,34L,9,10.88888888888889,10,9.399999999999999,10,9.7
LIRF,2023,ARR,903,34R,12,19.583333333333332,17,15.55,16.65,16.1
LIRF,2023,ARR,904,16L,2,14,11.6,10.4,11.2,10.8
LIRF,2023,ARR,904,16R,56,9.553571428571427,6,5,6,5.5
LIRF,2023,ARR,904,34L,10,11,7,6.449999999999999,7,6.725
LIRF,2023,ARR,905,16L,20,15.65,12.600000000000001,9.95,10.850000000000001,10.4
LIRF,2023,ARR,905,16R,78,7.153846153846154,5,4,5,4.5
LIRF,2023,ARR,905,25,4,7.25,7,7,7,7
LIRF,2023,ARR,905,34L,7,10.714285714285714,6.2,6,6,6
LIRF,2023,ARR,905,34R,3,17.333333333333332,16.4,16.1,16.3,16.200000000000003
LIRF,2023,ARR,906,16L,25,18.48,14.8,10.8,14,12.4
LIRF,2023,ARR,906,16R,117,6.9914529914529915,5,4.800000000000001,5,4.9
LIRF,2023,ARR,906,25,1,5,5,5,5,5
LIRF,2023,ARR,906,34L,15,8.333333333333334,6.8,5.7,6.1,5.9
LIRF,2023,ARR,906,34R,12,16.5,10,10,10,10
LIRF,2023,ARR,907,16L,11,13.181818181818182,10,10,10,10
LIRF,2023,ARR,907,16R,27,11.25925925925926,6,5,5.9,5.45
LIRF,2023,ARR,907,34L,9,9.11111111111111,7,5.8,7,6.4
LIRF,2023,ARR,907,34R,2,8.5,5.199999999999999,3.5500000000000003,4.649999999999999,4.1
LIRF,2023,ARR,908,16L,14,12.071428571428571,10,10,10,10
LIRF,2023,ARR,908,16R,15,8.533333333333333,5,4.4,5,4.7
LIRF,2023,ARR,908,34L,3,15,7.399999999999999,5.600000000000001,6.800000000000001,6.200000000000001
LIRF,2023,ARR,908,34R,1,21,21,21,21,21
LIRF,2023,ARR,909,16L,5,13,9.2,6.800000000000001,8.4,7.6000000000000005
LIRF,2023,ARR,909,16R,12,10.083333333333334,5.2,5,5,5
LIRF,2023,ARR,909,34L,3,23,10.6,7.9,9.7,8.8
LIRF,2023,ARR,HNG,16L,12,17.666666666666668,10,7.75,10,8.875
LIRF,2023,ARR,HNG,16R,1,10,10,10,10,10
LIRF,2023,ARR,HNG,25,2,10,10,10,10,10
LIRF,2023,ARR,HNG,34R,3,17.333333333333332,8.8,6.700000000000001,8.1,7.4
LIRF,2023,ARR,NA,16L,24,10.708333333333332,6,4.15,6,5.075
LIRF,2023,ARR,NA,16R,5,10.2,10,10,10,10
LIRF,2023,ARR,NA,34L,1,10,10,10,10,10
